Advertising Cost,Profit from Sales,Profitability (%)
10030.0,14139.442457679863,9.757632942891595
16892.598084129386,14862.634201546105,8.301076861435625
15203.338275716447,14825.161409170163,8.655821874736827
13514.078467303509,14705.52964787303,9.01442229079586
11824.81865889057,14490.760077581945,9.375207121989346
